{
  "project_info": {
    "project_number": "385329143094",
    "firebase_url": "https://bharat-blood-bank.firebaseio.com",
    "project_id": "bharat-blood-bank",
    "storage_bucket": "bharat-blood-bank.appspot.com"
  },
  "client": [
    {
      "client_info": {
        "mobilesdk_app_id": "1:385329143094:android:164de97f69338b78",
        "android_client_info": {
          "package_name": "com.bharatbloodbank.bharatbloodbank"
        }
      },
      "oauth_client": [
        {
          "client_id": "385329143094-n8ns12cmt965gsncmdvo7eb9270bflk5.apps.googleusercontent.com",
          "client_type": 1,
          "android_info": {
            "package_name": "com.bharatbloodbank.bharatbloodbank",
            "certificate_hash": "78604054313193ba0eab31844581a6973e6508aa"
          }
        },
        {
          "client_id": "385329143094-vf8cnpesjhrevq25r1cdk18oi47c5ijq.apps.googleusercontent.com",
          "client_type": 3
        }
      ],
      "api_key": [
        {
          "current_key": "AIzaSyDCgI6n8PVrKWVEsJV-ZLyNzQhq_x0ztJI"
        }
      ],
      "services": {
        "appinvite_service": {
          "other_platform_oauth_client": [
            {
              "client_id": "385329143094-vf8cnpesjhrevq25r1cdk18oi47c5ijq.apps.googleusercontent.com",
              "client_type": 3
            }
          ]
        }
      }
    }
  ],
  "configuration_version": "1"
}